feature,mutual_info,abs_mutual_info
num__day_in_study,1.2166939089032758,1.2166939089032758
num__estrogen,0.9790315953811135,0.9790315953811135
num__pdg,0.8410845075284066,0.8410845075284066
num__wrist_temp_mean,0.7138577837641058,0.7138577837641058
num__rmssd_mean,0.33066071139003617,0.33066071139003617
num__Heart_Rate,0.2995924062796431,0.2995924062796431
num__stress_score_mean,0.010046955032885219,0.010046955032885219
num__SPO2,0.003132915643805134,0.003132915643805134
